{
  "Pauh, Perlis": [
    6.461414,
    100.351868
  ],
  "Bedong, Kedah": [
    5.745451,
    100.51163
  ],
  "Jejawi, Perlis": [
    6.447554,
    100.244805
  ],
  "Kampus Utama UniMAP, Perlis": [
    6.461414,
    100.351868
  ]
}